{
  "dataset": "kitti",
  "split": "val",
  "num_samples": 433,
  "thresholds": [
    0.0,
    0.02,
    0.04,
    0.06,
    0.08,
    0.1,
    0.12,
    0.14,
    0.16,
    0.18,
    0.2,
    0.22,
    0.24,
    0.26,
    0.28,
    0.3,
    0.32,
    0.34,
    0.36,
    0.38,
    0.4,
    0.42,
    0.44,
    0.46,
    0.48,
    0.5,
    0.52,
    0.54,
    0.56,
    0.58,
    0.6,
    0.62,
    0.64,
    0.66,
    0.68,
    0.7,
    0.72,
    0.74,
    0.76,
    0.78,
    0.8,
    0.82,
    0.84,
    0.86,
    0.88,
    0.9,
    0.92,
    0.94,
    0.96,
    0.98,
    1.0
  ],
  "precision": [
    0.9999999997558576,
    0.9982487277441555,
    0.9944964047442122,
    0.9897083165525454,
    0.982509269210182,
    0.974441915719091,
    0.9643859156132888,
    0.9531125953937474,
    0.939991023514737,
    0.9255703754235663,
    0.9091030056960674,
    0.8912158990318406,
    0.8712476767864317,
    0.8484377253269341,
    0.8237659901640731,
    0.7938770882516165,
    0.7640986980308339,
    0.734225019667747,
    0.7041765524045864,
    0.6738140289564583,
    0.6442205766686387,
    0.6146062624798574,
    0.5855958157490693,
    0.5562431210752208,
    0.5275974756939362,
    0.4986535615122121,
    0.4715866545831912,
    0.44448253453351155,
    0.4175261392961608,
    0.39151247644887155,
    0.3657643799626665,
    0.3409454838226484,
    0.3171640443798427,
    0.2936966611220023,
    0.27053092967558,
    0.2485582734309445,
    0.22733720945662114,
    0.2069697919168475,
    0.18688993030945406,
    0.16772912001534535,
    0.1491919114098798,
    0.1320806419279166,
    0.11498346832498707,
    0.09836668227968026,
    0.08260128732827525,
    0.06748430281262391,
    0.0530157287327266,
    0.03955472808647449,
    0.02697894864381747,
    0.01557651017229421,
    0.0
  ],
  "recall": [
    0.9999999997558576,
    0.9999999997554364,
    0.9999999997545063,
    0.9999999997533089,
    0.9999999997514891,
    0.9999999997493978,
    0.9999999997467438,
    0.999999999743716,
    0.9999999997400839,
    0.9999999997359528,
    0.9999999997311081,
    0.9999999997256089,
    0.999999999719207,
    0.9999999997114949,
    0.9999999997026345,
    0.9999999996909766,
    0.9999999996782871,
    0.9999999996643099,
    0.9999999996488097,
    0.9999999996314806,
    0.9999999996128138,
    0.9999999995920587,
    0.9999999995694322,
    0.999999999543569,
    0.9999999995153284,
    0.9999999994825848,
    0.9999999994482404,
    0.9999999994088846,
    0.9999999993629628,
    0.9999999993123437,
    0.9999999992526805,
    0.9999999991857433,
    0.9999999991101208,
    0.9999999990195227,
    0.9999999989094832,
    0.9999999987836905,
    0.9999999986313098,
    0.9999999984471928,
    0.9999999982106335,
    0.9999999979093547,
    0.9999999975132646,
    0.9999999970410045,
    0.9999999963534172,
    0.9999999953188013,
    0.9999999937990378,
    0.9999999912039097,
    0.9999999867881006,
    0.9999999786054865,
    0.9999999464577733,
    0.9999997718018181,
    0.0
  ],
  "f1": [
    0.999999499756102,
    0.9991226832011821,
    0.9972362918277422,
    0.9948140434342635,
    0.9911471162259039,
    0.9869975108277281,
    0.9817786088122907,
    0.9758600322457311,
    0.96888614103698,
    0.9611078861804061,
    0.952082609312999,
    0.9420998885281137,
    0.9307222799541014,
    0.9174059907303912,
    0.902593312183221,
    0.8839904657024802,
    0.8647365738451398,
    0.8446635687699847,
    0.8236790601389107,
    0.8016412585257282,
    0.7793516925570074,
    0.75621714073269,
    0.7327336018393718,
    0.708005827640357,
    0.6830400405406127,
    0.6567664460115575,
    0.6314307705092463,
    0.6051409743353172,
    0.5779000038343942,
    0.5508368950081055,
    0.5229620498498826,
    0.4953049939582316,
    0.4679589774254777,
    0.4400178784223964,
    0.4115001428642112,
    0.3837535701289742,
    0.3561109870200255,
    0.3287976004460335,
    0.3010924845103522,
    0.27389530905969767,
    0.24693351600038527,
    0.22162962290414398,
    0.1956645547253891,
    0.16980454674848686,
    0.14475794808229162,
    0.12010301762922461,
    0.09605118172217261,
    0.07304837769772254,
    0.0507825461781776,
    0.029968336233648682,
    0.0
  ]
}