{
  "dataset": "nyu",
  "split": "val",
  "num_samples": 131,
  "thresholds": [
    0.0,
    0.02,
    0.04,
    0.06,
    0.08,
    0.1,
    0.12,
    0.14,
    0.16,
    0.18,
    0.2,
    0.22,
    0.24,
    0.26,
    0.28,
    0.3,
    0.32,
    0.34,
    0.36,
    0.38,
    0.4,
    0.42,
    0.44,
    0.46,
    0.48,
    0.5,
    0.52,
    0.54,
    0.56,
    0.58,
    0.6,
    0.62,
    0.64,
    0.66,
    0.68,
    0.7,
    0.72,
    0.74,
    0.76,
    0.78,
    0.8,
    0.82,
    0.84,
    0.86,
    0.88,
    0.9,
    0.92,
    0.94,
    0.96,
    0.98,
    1.0
  ],
  "precision": [
    0.9999999997558577,
    0.9999999997555017,
    0.9999999997546037,
    0.9999999997536966,
    0.999999999751863,
    0.9999999997500018,
    0.999999999747218,
    0.9992331285789258,
    0.9994807889409439,
    0.9989445907654483,
    0.9986533797471966,
    0.997796749931754,
    0.9983002830033163,
    0.9956153168676962,
    0.9957407967764725,
    0.9929464568794654,
    0.993883791711216,
    0.9945828815476423,
    0.9946319014591152,
    0.9930527172075782,
    0.9921602783135197,
    0.9930004661721901,
    0.9924962476275677,
    0.9930107521542937,
    0.9890300225236529,
    0.9868749993832037,
    0.9878048773795343,
    0.9896755154943403,
    0.9855189050800305,
    0.9858906516879253,
    0.9815533971052873,
    0.9827586196306468,
    0.9844497595879771,
    0.9826203195419512,
    0.9744360887602452,
    0.9777397243531852,
    0.9763779508339037,
    0.977272725051651,
    0.9682539656924518,
    0.9592476458957728,
    0.9580152635190275,
    0.958333328896603,
    0.95906432187682,
    0.9253731274225886,
    0.9285714190962119,
    0.8985507116152045,
    0.8888888691358013,
    0.8571428265306157,
    0.6923076390532581,
    0.4999998750000301,
    0.0
  ],
  "recall": [
    0.9999999997558577,
    0.9999999997555017,
    0.9999999997546037,
    0.9999999997536966,
    0.999999999751863,
    0.9999999997500018,
    0.9997472830427762,
    0.9999999997441787,
    0.9999999997402572,
    0.9999999997358666,
    0.9999999997303098,
    0.9999999997239838,
    0.9997163117731286,
    0.9997064863517137,
    0.9990842487792801,
    0.999032257742246,
    0.9982935150176493,
    0.9971035477925054,
    0.9988448205626346,
    0.9983566142159613,
    0.9986847869361349,
    0.9981238269239577,
    0.9964841783041282,
    0.9994588739180431,
    0.9988338186595738,
    0.9999999993666897,
    0.9979466112265948,
    0.9985119040189658,
    0.9991843384998474,
    0.9991063440579924,
    0.9990118567203442,
    0.9978118151008611,
    0.9987864065548708,
    0.9999999986394537,
    0.999999998456789,
    0.9999999982486852,
    0.9959839337430049,
    0.9976798120703458,
    0.9999999972677615,
    0.999999996732028,
    0.9999999960159335,
    0.99999999516908,
    0.9999999939024377,
    0.9999999919354827,
    0.9999999890109882,
    0.9999999838709667,
    0.9999999749999982,
    0.999999958333334,
    0.9999998888889047,
    0.9999995000002536,
    0.0
  ],
  "f1": [
    0.9999994997561114,
    0.9999994997557485,
    0.9999994997548504,
    0.9999994997539432,
    0.9999994997521097,
    0.9999994997502484,
    0.9998731254268025,
    0.9996159170826363,
    0.9997398269284199,
    0.9994715166319982,
    0.9993257360874411,
    0.9988966599129331,
    0.9990072956067336,
    0.9976562073844095,
    0.9974092208618092,
    0.9959795607876879,
    0.9960832728628787,
    0.9958411196011812,
    0.9967334093217036,
    0.9956971025460212,
    0.9954113413884442,
    0.9955550550933613,
    0.9944857150426176,
    0.996223879187678,
    0.9939072453017018,
    0.9933936485005868,
    0.9928493461196272,
    0.9940735733478488,
    0.9923040759718696,
    0.9924540042457143,
    0.9902051797744525,
    0.9902275119832886,
    0.9915657638919663,
    0.9912334838670809,
    0.9870520499895542,
    0.9887440870960693,
    0.9860829970952211,
    0.9873703359035344,
    0.9838704652274509,
    0.9791994970831331,
    0.9785570012884045,
    0.9787228998543888,
    0.9791039719851087,
    0.9612398033774632,
    0.9629624534590107,
    0.9465643724727322,
    0.9411759501732747,
    0.9230763905328132,
    0.8181812603308702,
    0.6666660000003334,
    0.0
  ]
}