planner,success_astar,success_rrtstar,astar_time_ms,rrtstar_time_ms,astar_path_len_cells,rrtstar_path_len_cells,astar_cost_sum,rrtstar_cost_sum,reason_astar,reason_rrtstar,file,stem
both,True,True,0.3364000003784895,6.156499992357567,51.9116882454314,64.02292720265744,15.08364486694336,9.631389617919922,,,data\processed\kitti\train\000000.npz,000000
both,True,True,1.022200012812391,4.753399989567697,28.041630560342625,35.915007861932565,5.535190105438232,3.553246021270752,,,data\processed\kitti\train\000001.npz,000001
both,True,True,0.19730001804418862,1.423700014129281,12.071067811865476,11.981927989956592,1.5111130475997925,0.6376169919967651,,,data\processed\kitti\train\000002.npz,000002
both,True,True,0.23480001254938543,0.9078000148292631,13.485281374238571,17.73824917209232,2.046837329864502,1.3636467456817627,,,data\processed\kitti\train\000003.npz,000003
both,True,True,1.4133999939076602,10.525999998208135,37.21320343559643,41.325772296526786,12.211206436157227,6.144156455993652,,,data\processed\kitti\train\000004.npz,000004
