{
  "runs": [
    {
      "dataset": "nyu",
      "split": "val",
      "near_thresh": 0.5,
      "dilation_radius": 2,
      "num_samples": 131,
      "mae": 0.0028430060483515263,
      "iou": 0.9868749993832032,
      "precision": 0.9868749993832032,
      "recall": 0.9999999993666879,
      "f1": 0.9933936485005893
    },
    {
      "dataset": "kitti",
      "split": "val",
      "near_thresh": 0.5,
      "dilation_radius": 2,
      "num_samples": 433,
      "mae": 0.4841152688372218,
      "iou": 0.4986535615122075,
      "precision": 0.4986535615122075,
      "recall": 0.9999999994825777,
      "f1": 0.6567664460115596
    }
  ],
  "args": {
    "processed_root": "data\\processed",
    "datasets": [
      "nyu",
      "kitti"
    ],
    "split": "val",
    "near_thresh": 0.5,
    "dilation_radius": 2,
    "limit": 0,
    "out": "results"
  }
}